{
  "last_updated": "2025-09-20 03:09:12 AM",
  "errors": [
    {
      "state": "MA",
      "city": "Danvers",
      "zip": "01923",
      "theater_name": "AMC Loews Liberty Tree Mall 20",
      "chainName": "AMC",
      "chainCode": "AMC",
      "showtime_id": 0,
      "date": "2025-09-25+19:00",
      "format": "Standard",
      "language": "Telugu",
      "error": {
        "status": 404
      }
    },
    {
      "state": "NC",
      "city": "Morrisville",
      "zip": "27560",
      "theater_name": "B&B Theatres Morrisville Park West 14",
      "chainName": "B&B Theaters",
      "chainCode": "BNBT",
      "showtime_id": 514285255,
      "date": "2025-09-25+18:00",
      "format": "Standard",
      "language": "Unknown",
      "error": {
        "status": 400
      }
    },
    {
      "state": "FL",
      "city": "Tampa",
      "zip": "33647",
      "theater_name": "AMC Highwoods 20",
      "chainName": "AMC",
      "chainCode": "AMC",
      "showtime_id": 514378925,
      "date": "2025-09-25+20:15",
      "format": "Standard",
      "language": "Telugu",
      "error": {
        "status": 400
      }
    },
    {
      "state": "TX",
      "city": "Houston",
      "zip": "77089",
      "theater_name": "AMC Gulf Pointe 30",
      "chainName": "AMC",
      "chainCode": "AMC",
      "showtime_id": 514356497,
      "date": "2025-09-25+18:40",
      "format": "Standard",
      "language": "Telugu",
      "error": {
        "status": 500
      }
    },
    {
      "state": "TN",
      "city": "Murfreesboro",
      "zip": "37128",
      "theater_name": "AMC CLASSIC Murfreesboro 16",
      "chainName": "AMC",
      "chainCode": "AMC",
      "showtime_id": 514460153,
      "date": "2025-09-25+19:30",
      "format": "Standard",
      "language": "Telugu",
      "error": {
        "status": 400
      }
    },
    {
      "state": "TN",
      "city": "Hixson",
      "zip": "37343",
      "theater_name": "AMC Northgate 14",
      "chainName": "AMC",
      "chainCode": "AMC",
      "showtime_id": 514513120,
      "date": "2025-09-25+14:30",
      "format": "Standard",
      "language": "Telugu",
      "error": {
        "status": 400
      }
    },
    {
      "state": "TN",
      "city": "Hixson",
      "zip": "37343",
      "theater_name": "AMC Northgate 14",
      "chainName": "AMC",
      "chainCode": "AMC",
      "showtime_id": 514513121,
      "date": "2025-09-25+18:15",
      "format": "Standard",
      "language": "Telugu",
      "error": {
        "status": 400
      }
    },
    {
      "state": "FL",
      "city": "Bradenton",
      "zip": "34203",
      "theater_name": "AMC Bradenton 20",
      "chainName": "AMC",
      "chainCode": "AMC",
      "showtime_id": 515880679,
      "date": "2025-09-25+15:25",
      "format": "Standard",
      "language": "Telugu",
      "error": {
        "status": 500
      }
    },
    {
      "state": "FL",
      "city": "Bradenton",
      "zip": "34203",
      "theater_name": "AMC Bradenton 20",
      "chainName": "AMC",
      "chainCode": "AMC",
      "showtime_id": 515880678,
      "date": "2025-09-25+19:05",
      "format": "Standard",
      "language": "Telugu",
      "error": {
        "status": 500
      }
    },
    {
      "state": "MA",
      "city": "Tyngsboro",
      "zip": "01879",
      "theater_name": "AMC Tyngsboro 12",
      "chainName": "AMC",
      "chainCode": "AMC",
      "showtime_id": 515905727,
      "date": "2025-09-25+19:15",
      "format": "Standard",
      "language": "Telugu",
      "error": {
        "status": 500
      }
    },
    {
      "state": "FL",
      "city": "Ocoee",
      "zip": "34761",
      "theater_name": "AMC West Oaks 14",
      "chainName": "AMC",
      "chainCode": "AMC",
      "showtime_id": 515920926,
      "date": "2025-09-25+19:05",
      "format": "Standard",
      "language": "Telugu",
      "error": {
        "status": 500
      }
    },
    {
      "state": "NC",
      "city": "Morrisville",
      "zip": "27560",
      "theater_name": "AMC Park Place 16",
      "chainName": "AMC",
      "chainCode": "AMC",
      "showtime_id": 515928738,
      "date": "2025-09-25+18:30",
      "format": "Standard",
      "language": "Telugu",
      "error": {
        "status": 500
      }
    },
    {
      "state": "IN",
      "city": "Fort Wayne",
      "zip": "46804",
      "theater_name": "AMC Jefferson Point 18",
      "chainName": "AMC",
      "chainCode": "AMC",
      "showtime_id": 515931865,
      "date": "2025-09-25+20:40",
      "format": "Standard",
      "language": "Telugu",
      "error": {
        "status": 500
      }
    },
    {
      "state": "IL",
      "city": "Skokie",
      "zip": "60077",
      "theater_name": "AMC Village Crossing 18",
      "chainName": "AMC",
      "chainCode": "AMC",
      "showtime_id": 515929202,
      "date": "2025-09-25+20:45",
      "format": "Standard",
      "language": "Telugu",
      "error": {
        "status": 500
      }
    },
    {
      "state": "MI",
      "city": "Auburn Hills",
      "zip": "48326",
      "theater_name": "AMC Star Great Lakes 25",
      "chainName": "AMC",
      "chainCode": "AMC",
      "showtime_id": 515936188,
      "date": "2025-09-25+19:30",
      "format": "Standard",
      "language": "Telugu",
      "error": {
        "status": 500
      }
    },
    {
      "state": "VA",
      "city": "Ashburn",
      "zip": "20147",
      "theater_name": "AMC Loudoun Station 11",
      "chainName": "AMC",
      "chainCode": "AMC",
      "showtime_id": 515945035,
      "date": "2025-09-25+19:45",
      "format": "Standard",
      "language": "Telugu",
      "error": {
        "status": 500
      }
    },
    {
      "state": "IL",
      "city": "Springfield",
      "zip": "62711",
      "theater_name": "AMC Springfield 12",
      "chainName": "AMC",
      "chainCode": "AMC",
      "showtime_id": 515946242,
      "date": "2025-09-25+19:15",
      "format": "Standard",
      "language": "Telugu",
      "error": {
        "status": 500
      }
    },
    {
      "state": "WA",
      "city": "Bellevue",
      "zip": "98006",
      "theater_name": "AMC Loews Factoria 8",
      "chainName": "AMC",
      "chainCode": "AMC",
      "showtime_id": 515949685,
      "date": "2025-09-25+19:45",
      "format": "Standard",
      "language": "Telugu",
      "error": {
        "status": 500
      }
    },
    {
      "state": "NC",
      "city": "Jacksonville",
      "zip": "28546",
      "theater_name": "AMC CLASSIC Jacksonville 16",
      "chainName": "AMC",
      "chainCode": "AMC",
      "showtime_id": 515953150,
      "date": "2025-09-25+18:55",
      "format": "Standard",
      "language": "Telugu",
      "error": {
        "status": 500
      }
    },
    {
      "state": "MI",
      "city": "Walker",
      "zip": "49544",
      "theater_name": "AMC Grand Rapids 18",
      "chainName": "AMC",
      "chainCode": "AMC",
      "showtime_id": 515953221,
      "date": "2025-09-25+19:00",
      "format": "Standard",
      "language": "Telugu",
      "error": {
        "status": 500
      }
    },
    {
      "state": "NJ",
      "city": "Voorhees",
      "zip": "08043",
      "theater_name": "AMC Voorhees 16",
      "chainName": "AMC",
      "chainCode": "AMC",
      "showtime_id": 515956943,
      "date": "2025-09-25+19:10",
      "format": "Standard",
      "language": "Telugu",
      "error": {
        "status": 500
      }
    },
    {
      "state": "KS",
      "city": "Wichita",
      "zip": "67226",
      "theater_name": "AMC Northrock 14",
      "chainName": "AMC",
      "chainCode": "AMC",
      "showtime_id": 515962111,
      "date": "2025-09-25+18:15",
      "format": "Standard",
      "language": "Telugu",
      "error": {
        "status": 500
      }
    },
    {
      "state": "PA",
      "city": "Bensalem",
      "zip": "19020",
      "theater_name": "AMC Neshaminy 24",
      "chainName": "AMC",
      "chainCode": "AMC",
      "showtime_id": 515978687,
      "date": "2025-09-25+19:00",
      "format": "Standard",
      "language": "Telugu",
      "error": {
        "status": 500
      }
    },
    {
      "state": "WI",
      "city": "Wauwatosa",
      "zip": "53226",
      "theater_name": "AMC Mayfair Mall 18",
      "chainName": "AMC",
      "chainCode": "AMC",
      "showtime_id": 515974869,
      "date": "2025-09-25+16:10",
      "format": "Standard",
      "language": "Telugu",
      "error": {
        "status": 500
      }
    },
    {
      "state": "WI",
      "city": "Wauwatosa",
      "zip": "53226",
      "theater_name": "AMC Mayfair Mall 18",
      "chainName": "AMC",
      "chainCode": "AMC",
      "showtime_id": 515974868,
      "date": "2025-09-25+19:50",
      "format": "Standard",
      "language": "Telugu",
      "error": {
        "status": 500
      }
    },
    {
      "state": "MO",
      "city": "Kansas City",
      "zip": "64114",
      "theater_name": "AMC Ward Parkway 14",
      "chainName": "AMC",
      "chainCode": "AMC",
      "showtime_id": 515975937,
      "date": "2025-09-25+18:15",
      "format": "Standard",
      "language": "Telugu",
      "error": {
        "status": 500
      }
    },
    {
      "state": "UT",
      "city": "West Jordan",
      "zip": "84088",
      "theater_name": "AMC West Jordan 12",
      "chainName": "AMC",
      "chainCode": "AMC",
      "showtime_id": 515979166,
      "date": "2025-09-25+18:40",
      "format": "Standard",
      "language": "Telugu",
      "error": {
        "status": 500
      }
    },
    {
      "state": "NJ",
      "city": "New Brunswick",
      "zip": "08901",
      "theater_name": "AMC New Brunswick 18",
      "chainName": "AMC",
      "chainCode": "AMC",
      "showtime_id": 515991810,
      "date": "2025-09-25+20:15",
      "format": "Standard",
      "language": "Telugu",
      "error": {
        "status": 500
      }
    },
    {
      "state": "VA",
      "city": "Herndon",
      "zip": "20170",
      "theater_name": "AMC Worldgate 9",
      "chainName": "AMC",
      "chainCode": "AMC",
      "showtime_id": 515986643,
      "date": "2025-09-25+19:45",
      "format": "Standard",
      "language": "Telugu",
      "error": {
        "status": 500
      }
    },
    {
      "state": "GA",
      "city": "Lawrenceville",
      "zip": "30043",
      "theater_name": "AMC Colonial 18",
      "chainName": "AMC",
      "chainCode": "AMC",
      "showtime_id": 515986285,
      "date": "2025-09-25+18:00",
      "format": "Standard",
      "language": "Unknown",
      "error": {
        "status": 500
      }
    },
    {
      "state": "FL",
      "city": "New Smyrna",
      "zip": "32168",
      "theater_name": "AMC CLASSIC New Smyrna 12",
      "chainName": "AMC",
      "chainCode": "AMC",
      "showtime_id": 516018187,
      "date": "2025-09-25+19:00",
      "format": "Standard",
      "language": "Telugu",
      "error": {
        "status": 500
      }
    },
    {
      "state": "AL",
      "city": "Decatur",
      "zip": "35601",
      "theater_name": "AMC CLASSIC Decatur 12",
      "chainName": "AMC",
      "chainCode": "AMC",
      "showtime_id": 515998154,
      "date": "2025-09-25+19:10",
      "format": "Standard",
      "language": "Telugu",
      "error": {
        "status": 500
      }
    },
    {
      "state": "IA",
      "city": "Council Bluffs",
      "zip": "51501",
      "theater_name": "AMC Council Bluffs 17",
      "chainName": "AMC",
      "chainCode": "AMC",
      "showtime_id": 516018603,
      "date": "2025-09-25+18:15",
      "format": "Standard",
      "language": "Telugu",
      "error": {
        "status": 500
      }
    },
    {
      "state": "TX",
      "city": "Stafford",
      "zip": "77477",
      "theater_name": "AMC Loews Fountains 18",
      "chainName": "AMC",
      "chainCode": "AMC",
      "showtime_id": 515990941,
      "date": "2025-09-25+14:30",
      "format": "Standard",
      "language": "Telugu",
      "error": {
        "status": 500
      }
    },
    {
      "state": "TX",
      "city": "Stafford",
      "zip": "77477",
      "theater_name": "AMC Loews Fountains 18",
      "chainName": "AMC",
      "chainCode": "AMC",
      "showtime_id": 515990942,
      "date": "2025-09-25+18:10",
      "format": "Standard",
      "language": "Telugu",
      "error": {
        "status": 500
      }
    },
    {
      "state": "TX",
      "city": "Stafford",
      "zip": "77477",
      "theater_name": "AMC Loews Fountains 18",
      "chainName": "AMC",
      "chainCode": "AMC",
      "showtime_id": 515990943,
      "date": "2025-09-25+21:40",
      "format": "Standard",
      "language": "Telugu",
      "error": {
        "status": 500
      }
    },
    {
      "state": "CO",
      "city": "Aurora",
      "zip": "80016",
      "theater_name": "AMC DINE-IN Southlands 16",
      "chainName": "AMC",
      "chainCode": "AMC",
      "showtime_id": 516000297,
      "date": "2025-09-25+18:45",
      "format": "Standard",
      "language": "Telugu",
      "error": {
        "status": 500
      }
    },
    {
      "state": "CT",
      "city": "Trumbull",
      "zip": "06611",
      "theater_name": "AMC Marquis 16",
      "chainName": "AMC",
      "chainCode": "AMC",
      "showtime_id": 516123333,
      "date": "2025-09-25+20:00",
      "format": "Standard",
      "language": "Telugu",
      "error": {
        "status": 500
      }
    },
    {
      "state": "NJ",
      "city": "Freehold",
      "zip": "07728",
      "theater_name": "AMC Freehold 14",
      "chainName": "AMC",
      "chainCode": "AMC",
      "showtime_id": 516030072,
      "date": "2025-09-25+20:30",
      "format": "Standard",
      "language": "Telugu",
      "error": {
        "status": 500
      }
    },
    {
      "state": "NJ",
      "city": "Freehold",
      "zip": "07728",
      "theater_name": "AMC Freehold 14",
      "chainName": "AMC",
      "chainCode": "AMC",
      "showtime_id": 516030073,
      "date": "2025-09-25+17:00",
      "format": "Standard",
      "language": "Telugu",
      "error": {
        "status": 500
      }
    },
    {
      "state": "NJ",
      "city": "Rockaway",
      "zip": "07866",
      "theater_name": "AMC Rockaway 16",
      "chainName": "AMC",
      "chainCode": "AMC",
      "showtime_id": 516075301,
      "date": "2025-09-25+20:00",
      "format": "Standard",
      "language": "Telugu",
      "error": {
        "status": 500
      }
    },
    {
      "state": "GA",
      "city": "Morrow",
      "zip": "30260",
      "theater_name": "AMC Southlake 24",
      "chainName": "AMC",
      "chainCode": "AMC",
      "showtime_id": 516044478,
      "date": "2025-09-25+18:15",
      "format": "Standard",
      "language": "Telugu",
      "error": {
        "status": 500
      }
    },
    {
      "state": "GA",
      "city": "Decatur",
      "zip": "30033",
      "theater_name": "AMC North Dekalb 16",
      "chainName": "AMC",
      "chainCode": "AMC",
      "showtime_id": 516043185,
      "date": "2025-09-25+19:15",
      "format": "Standard",
      "language": "Telugu",
      "error": {
        "status": 500
      }
    },
    {
      "state": "IN",
      "city": "Evansville",
      "zip": "47712",
      "theater_name": "AMC Evansville 16",
      "chainName": "AMC",
      "chainCode": "AMC",
      "showtime_id": 516030529,
      "date": "2025-09-25+20:00",
      "format": "Standard",
      "language": "Telugu",
      "error": {
        "status": 500
      }
    },
    {
      "state": "IN",
      "city": "Schererville",
      "zip": "46375",
      "theater_name": "AMC Schererville 16",
      "chainName": "AMC",
      "chainCode": "AMC",
      "showtime_id": 516029161,
      "date": "2025-09-25+19:45",
      "format": "Standard",
      "language": "Telugu",
      "error": {
        "status": 500
      }
    },
    {
      "state": "MN",
      "city": "Coon Rapids",
      "zip": "55433",
      "theater_name": "AMC Coon Rapids 16",
      "chainName": "AMC",
      "chainCode": "AMC",
      "showtime_id": 516018972,
      "date": "2025-09-25+16:00",
      "format": "Standard",
      "language": "Telugu",
      "error": {
        "status": 500
      }
    },
    {
      "state": "MN",
      "city": "Coon Rapids",
      "zip": "55433",
      "theater_name": "AMC Coon Rapids 16",
      "chainName": "AMC",
      "chainCode": "AMC",
      "showtime_id": 516018971,
      "date": "2025-09-25+19:45",
      "format": "Standard",
      "language": "Telugu",
      "error": {
        "status": 500
      }
    },
    {
      "state": "AR",
      "city": "Fayetteville",
      "zip": "72703",
      "theater_name": "AMC Fiesta Square 16",
      "chainName": "AMC",
      "chainCode": "AMC",
      "showtime_id": 516055376,
      "date": "2025-09-25+19:30",
      "format": "Standard",
      "language": "Telugu",
      "error": {
        "status": 500
      }
    },
    {
      "state": "TX",
      "city": "Highland Village",
      "zip": "75077",
      "theater_name": "AMC Highland Village 12",
      "chainName": "AMC",
      "chainCode": "AMC",
      "showtime_id": 516090012,
      "date": "2025-09-25+20:00",
      "format": "Standard",
      "language": "Telugu",
      "error": {
        "status": 500
      }
    },
    {
      "state": "TX",
      "city": "Austin",
      "zip": "78753",
      "theater_name": "AMC DINE-IN Tech Ridge 10",
      "chainName": "AMC",
      "chainCode": "AMC",
      "showtime_id": 516091757,
      "date": "2025-09-25+18:30",
      "format": "Standard",
      "language": "Telugu",
      "error": {
        "status": 500
      }
    },
    {
      "state": "TX",
      "city": "Houston",
      "zip": "77064",
      "theater_name": "AMC Willowbrook 24",
      "chainName": "AMC",
      "chainCode": "AMC",
      "showtime_id": 516046939,
      "date": "2025-09-25+19:20",
      "format": "Standard",
      "language": "Telugu",
      "error": {
        "status": 500
      }
    },
    {
      "state": "CA",
      "city": "Northridge",
      "zip": "91324",
      "theater_name": "AMC Northridge 10",
      "chainName": "AMC",
      "chainCode": "AMC",
      "showtime_id": 516105312,
      "date": "2025-09-25+18:15",
      "format": "Standard",
      "language": "Telugu",
      "error": {
        "status": 500
      }
    },
    {
      "state": "CA",
      "city": "Northridge",
      "zip": "91324",
      "theater_name": "AMC Northridge 10",
      "chainName": "AMC",
      "chainCode": "AMC",
      "showtime_id": 516105313,
      "date": "2025-09-25+21:45",
      "format": "Standard",
      "language": "Telugu",
      "error": {
        "status": 500
      }
    },
    {
      "state": "CA",
      "city": "Sunnyvale",
      "zip": "94086",
      "theater_name": "AMC Sunnyvale 12",
      "chainName": "AMC",
      "chainCode": "AMC",
      "showtime_id": 516124708,
      "date": "2025-09-25+18:15",
      "format": "Standard",
      "language": "Telugu",
      "error": {
        "status": 500
      }
    },
    {
      "state": "WA",
      "city": "Lynnwood",
      "zip": "98037",
      "theater_name": "AMC Loews Alderwood Mall 16",
      "chainName": "AMC",
      "chainCode": "AMC",
      "showtime_id": 516124374,
      "date": "2025-09-25+21:50",
      "format": "Standard",
      "language": "Telugu",
      "error": {
        "status": 500
      }
    },
    {
      "state": "CA",
      "city": "Fullerton",
      "zip": "92832",
      "theater_name": "AMC DINE-IN Fullerton 20",
      "chainName": "AMC",
      "chainCode": "AMC",
      "showtime_id": 516200952,
      "date": "2025-09-25+22:00",
      "format": "Standard",
      "language": "Telugu",
      "error": {
        "status": 500
      }
    },
    {
      "state": "CA",
      "city": "Santa Clara",
      "zip": "95054",
      "theater_name": "AMC Mercado 20",
      "chainName": "AMC",
      "chainCode": "AMC",
      "showtime_id": 516222623,
      "date": "2025-09-25+19:30",
      "format": "Standard",
      "language": "Telugu",
      "error": {
        "status": 500
      }
    },
    {
      "state": "CA",
      "city": "Manteca",
      "zip": "95337",
      "theater_name": "AMC Manteca 16",
      "chainName": "AMC",
      "chainCode": "AMC",
      "showtime_id": 516208161,
      "date": "2025-09-25+19:35",
      "format": "Standard",
      "language": "Telugu",
      "error": {
        "status": 500
      }
    },
    {
      "state": "FL",
      "city": "Pensacola",
      "zip": "32505",
      "theater_name": "AMC CLASSIC Pensacola 18",
      "chainName": "AMC",
      "chainCode": "AMC",
      "showtime_id": 516226371,
      "date": "2025-09-25+19:25",
      "format": "Standard",
      "language": "Telugu",
      "error": {
        "status": 500
      }
    },
    {
      "state": "CA",
      "city": "Covina",
      "zip": "91722",
      "theater_name": "AMC Covina 17",
      "chainName": "AMC",
      "chainCode": "AMC",
      "showtime_id": 516227638,
      "date": "2025-09-25+19:00",
      "format": "Standard",
      "language": "Telugu",
      "error": {
        "status": 500
      }
    },
    {
      "state": "FL",
      "city": "West Melbourne",
      "zip": "32904",
      "theater_name": "AMC West Melbourne 12",
      "chainName": "AMC",
      "chainCode": "AMC",
      "showtime_id": 516235019,
      "date": "2025-09-25+15:25",
      "format": "Standard",
      "language": "Telugu",
      "error": {
        "status": 500
      }
    },
    {
      "state": "FL",
      "city": "West Melbourne",
      "zip": "32904",
      "theater_name": "AMC West Melbourne 12",
      "chainName": "AMC",
      "chainCode": "AMC",
      "showtime_id": 516235020,
      "date": "2025-09-25+19:00",
      "format": "Standard",
      "language": "Telugu",
      "error": {
        "status": 500
      }
    },
    {
      "state": "GA",
      "city": "Alpharetta",
      "zip": "30022",
      "theater_name": "AMC DINE-IN North Point Mall 12",
      "chainName": "AMC",
      "chainCode": "AMC",
      "showtime_id": 516299731,
      "date": "2025-09-25+14:30",
      "format": "Standard",
      "language": "Telugu",
      "error": {
        "status": 500
      }
    },
    {
      "state": "GA",
      "city": "Alpharetta",
      "zip": "30022",
      "theater_name": "AMC DINE-IN North Point Mall 12",
      "chainName": "AMC",
      "chainCode": "AMC",
      "showtime_id": 516299732,
      "date": "2025-09-25+18:15",
      "format": "Standard",
      "language": "Telugu",
      "error": {
        "status": 500
      }
    },
    {
      "state": "GA",
      "city": "Alpharetta",
      "zip": "30022",
      "theater_name": "AMC DINE-IN North Point Mall 12",
      "chainName": "AMC",
      "chainCode": "AMC",
      "showtime_id": 516299733,
      "date": "2025-09-25+22:00",
      "format": "Standard",
      "language": "Telugu",
      "error": {
        "status": 500
      }
    },
    {
      "state": "GA",
      "city": "Columbus",
      "zip": "31904",
      "theater_name": "AMC Ritz 13",
      "chainName": "AMC",
      "chainCode": "AMC",
      "showtime_id": 516258480,
      "date": "2025-09-25+19:00",
      "format": "Standard",
      "language": "Telugu",
      "error": {
        "status": 500
      }
    },
    {
      "state": "FL",
      "city": "Melbourne",
      "zip": "32940",
      "theater_name": "AMC Avenue 16",
      "chainName": "AMC",
      "chainCode": "AMC",
      "showtime_id": 516311872,
      "date": "2025-09-25+19:15",
      "format": "Standard",
      "language": "Unknown",
      "error": {
        "status": 500
      }
    },
    {
      "state": "FL",
      "city": "Lake Buena Vista",
      "zip": "32830",
      "theater_name": "AMC DINE-IN Disney Springs™ 24",
      "chainName": "AMC",
      "chainCode": "AMC",
      "showtime_id": 516375544,
      "date": "2025-09-25+18:30",
      "format": "Standard",
      "language": "Telugu",
      "error": {
        "status": 500
      }
    },
    {
      "state": "FL",
      "city": "Tampa",
      "zip": "33634",
      "theater_name": "AMC Veterans 24",
      "chainName": "AMC",
      "chainCode": "AMC",
      "showtime_id": 516463895,
      "date": "2025-09-25+18:30",
      "format": "Standard",
      "language": "Telugu",
      "error": {
        "status": 500
      }
    },
    {
      "state": "IL",
      "city": "Normal",
      "zip": "61761",
      "theater_name": "AMC CLASSIC Normal 14",
      "chainName": "AMC",
      "chainCode": "AMC",
      "showtime_id": 516349153,
      "date": "2025-09-25+19:25",
      "format": "Standard",
      "language": "Telugu",
      "error": {
        "status": 500
      }
    },
    {
      "state": "OK",
      "city": "Oklahoma City",
      "zip": "73134",
      "theater_name": "AMC Quail Springs Mall 24",
      "chainName": "AMC",
      "chainCode": "AMC",
      "showtime_id": 516442632,
      "date": "2025-09-25+19:15",
      "format": "Standard",
      "language": "Telugu",
      "error": {
        "status": 500
      }
    },
    {
      "state": "TX",
      "city": "Mesquite",
      "zip": "75149",
      "theater_name": "AMC DINE-IN Mesquite 30",
      "chainName": "AMC",
      "chainCode": "AMC",
      "showtime_id": 516441827,
      "date": "2025-09-25+20:30",
      "format": "Standard",
      "language": "Telugu",
      "error": {
        "status": 500
      }
    },
    {
      "state": "VA",
      "city": "McLean",
      "zip": "22102",
      "theater_name": "AMC Tysons Corner 16",
      "chainName": "AMC",
      "chainCode": "AMC",
      "showtime_id": 516556867,
      "date": "2025-09-25+19:50",
      "format": "Standard",
      "language": "Telugu",
      "error": {
        "status": 500
      }
    },
    {
      "state": "SC",
      "city": "Columbia",
      "zip": "29212",
      "theater_name": "AMC Harbison 14",
      "chainName": "AMC",
      "chainCode": "AMC",
      "showtime_id": 516492043,
      "date": "2025-09-25+20:30",
      "format": "Standard",
      "language": "Telugu",
      "error": {
        "status": 500
      }
    },
    {
      "state": "FL",
      "city": "Orange Park",
      "zip": "32073",
      "theater_name": "AMC Orange Park 24",
      "chainName": "AMC",
      "chainCode": "AMC",
      "showtime_id": 516544239,
      "date": "2025-09-25+18:30",
      "format": "Standard",
      "language": "Telugu",
      "error": {
        "status": 500
      }
    },
    {
      "state": "IN",
      "city": "Indianapolis",
      "zip": "46250",
      "theater_name": "AMC Castleton Square 14",
      "chainName": "AMC",
      "chainCode": "AMC",
      "showtime_id": 516525582,
      "date": "2025-09-25+18:30",
      "format": "Standard",
      "language": "Telugu",
      "error": {
        "status": 500
      }
    },
    {
      "state": "IN",
      "city": "Indianapolis",
      "zip": "46250",
      "theater_name": "AMC Castleton Square 14",
      "chainName": "AMC",
      "chainCode": "AMC",
      "showtime_id": 516525583,
      "date": "2025-09-25+22:00",
      "format": "Standard",
      "language": "Telugu",
      "error": {
        "status": 500
      }
    },
    {
      "state": "IN",
      "city": "Indianapolis",
      "zip": "46217",
      "theater_name": "AMC Indianapolis 17",
      "chainName": "AMC",
      "chainCode": "AMC",
      "showtime_id": 516523948,
      "date": "2025-09-25+18:30",
      "format": "Standard",
      "language": "Telugu",
      "error": {
        "status": 500
      }
    },
    {
      "state": "LA",
      "city": "Harahan",
      "zip": "70123",
      "theater_name": "AMC Elmwood Palace 20",
      "chainName": "AMC",
      "chainCode": "AMC",
      "showtime_id": 516551132,
      "date": "2025-09-25+20:30",
      "format": "Standard",
      "language": "Telugu",
      "error": {
        "status": 500
      }
    },
    {
      "state": "TX",
      "city": "Edinburg",
      "zip": "78539",
      "theater_name": "AMC Edinburg 18",
      "chainName": "AMC",
      "chainCode": "AMC",
      "showtime_id": 516511351,
      "date": "2025-09-25+16:35",
      "format": "Standard",
      "language": "Telugu",
      "error": {
        "status": 500
      }
    },
    {
      "state": "AZ",
      "city": "Phoenix",
      "zip": "85044",
      "theater_name": "AMC Ahwatukee 24",
      "chainName": "AMC",
      "chainCode": "AMC",
      "showtime_id": 516494461,
      "date": "2025-09-25+17:55",
      "format": "Standard",
      "language": "Telugu",
      "error": {
        "status": 500
      }
    },
    {
      "state": "CA",
      "city": "Torrance",
      "zip": "90503",
      "theater_name": "AMC Del Amo 18",
      "chainName": "AMC",
      "chainCode": "AMC",
      "showtime_id": 516556276,
      "date": "2025-09-25+20:30",
      "format": "Standard",
      "language": "Telugu",
      "error": {
        "status": 500
      }
    },
    {
      "state": "CA",
      "city": "San Diego",
      "zip": "92108",
      "theater_name": "AMC Mission Valley 20",
      "chainName": "AMC",
      "chainCode": "AMC",
      "showtime_id": 516533040,
      "date": "2025-09-25+22:15",
      "format": "Standard",
      "language": "Telugu",
      "error": {
        "status": 500
      }
    },
    {
      "state": "FL",
      "city": "Jacksonville",
      "zip": "32225",
      "theater_name": "AMC Regency 24",
      "chainName": "AMC",
      "chainCode": "AMC",
      "showtime_id": 516560967,
      "date": "2025-09-25+20:00",
      "format": "Standard",
      "language": "Telugu",
      "error": {
        "status": 500
      }
    },
    {
      "state": "IN",
      "city": "Plainfield",
      "zip": "46168",
      "theater_name": "AMC Perry Crossing 18",
      "chainName": "AMC",
      "chainCode": "AMC",
      "showtime_id": 516569495,
      "date": "2025-09-25+19:30",
      "format": "Standard",
      "language": "Telugu",
      "error": {
        "status": 500
      }
    },
    {
      "state": "AZ",
      "city": "Glendale",
      "zip": "85305",
      "theater_name": "AMC Westgate 20",
      "chainName": "AMC",
      "chainCode": "AMC",
      "showtime_id": 516560968,
      "date": "2025-09-25+18:30",
      "format": "Standard",
      "language": "Telugu",
      "error": {
        "status": 500
      }
    },
    {
      "state": "CA",
      "city": "San Jose",
      "zip": "95130",
      "theater_name": "AMC Saratoga 14",
      "chainName": "AMC",
      "chainCode": "AMC",
      "showtime_id": 516569286,
      "date": "2025-09-25+18:00",
      "format": "Standard",
      "language": "Telugu",
      "error": {
        "status": 500
      }
    },
    {
      "state": "CA",
      "city": "San Jose",
      "zip": "95122",
      "theater_name": "AMC Eastridge 15",
      "chainName": "AMC",
      "chainCode": "AMC",
      "showtime_id": 516584211,
      "date": "2025-09-25+20:00",
      "format": "Standard",
      "language": "Telugu",
      "error": {
        "status": 500
      }
    },
    {
      "state": "FL",
      "city": "South Miami",
      "zip": "33143",
      "theater_name": "AMC Sunset Place 24",
      "chainName": "AMC",
      "chainCode": "AMC",
      "showtime_id": 516587860,
      "date": "2025-09-25+15:05",
      "format": "Standard",
      "language": "Telugu",
      "error": {
        "status": 404
      }
    },
    {
      "state": "FL",
      "city": "South Miami",
      "zip": "33143",
      "theater_name": "AMC Sunset Place 24",
      "chainName": "AMC",
      "chainCode": "AMC",
      "showtime_id": 516587859,
      "date": "2025-09-25+18:45",
      "format": "Standard",
      "language": "Telugu",
      "error": {
        "status": 500
      }
    },
    {
      "state": "FL",
      "city": "Tampa",
      "zip": "33634",
      "theater_name": "AMC Veterans 24",
      "chainName": "AMC",
      "chainCode": "AMC",
      "showtime_id": 516590424,
      "date": "2025-09-25+22:15",
      "format": "Standard",
      "language": "Telugu",
      "error": {
        "status": 500
      }
    },
    {
      "state": "FL",
      "city": "Tampa",
      "zip": "33647",
      "theater_name": "AMC Highwoods 20",
      "chainName": "AMC",
      "chainCode": "AMC",
      "showtime_id": 516593259,
      "date": "2025-09-25+19:30",
      "format": "Standard",
      "language": "Telugu",
      "error": {
        "status": 500
      }
    },
    {
      "state": "TX",
      "city": "Irving",
      "zip": "75062",
      "theater_name": "AMC Irving Mall 14",
      "chainName": "AMC",
      "chainCode": "AMC",
      "showtime_id": 516599692,
      "date": "2025-09-25+19:10",
      "format": "Standard",
      "language": "Telugu",
      "error": {
        "status": 500
      }
    },
    {
      "state": "NY",
      "city": "Westbury",
      "zip": "11590",
      "theater_name": "AMC Raceway 10",
      "chainName": "AMC",
      "chainCode": "AMC",
      "showtime_id": 516632148,
      "date": "2025-09-25+19:45",
      "format": "Standard",
      "language": "Telugu",
      "error": {
        "status": 500
      }
    },
    {
      "state": "CO",
      "city": "Westminster",
      "zip": "80020",
      "theater_name": "AMC Westminster Promenade 24",
      "chainName": "AMC",
      "chainCode": "AMC",
      "showtime_id": 516637346,
      "date": "2025-09-25+18:30",
      "format": "Standard",
      "language": "Telugu",
      "error": {
        "status": 500
      }
    },
    {
      "state": "OH",
      "city": "Columbus",
      "zip": "43219",
      "theater_name": "AMC Dine-in Easton Town Center 30",
      "chainName": "AMC",
      "chainCode": "AMC",
      "showtime_id": 516667971,
      "date": "2025-09-25+18:15",
      "format": "Standard",
      "language": "Telugu",
      "error": {
        "status": 500
      }
    },
    {
      "state": "IL",
      "city": "Lombard",
      "zip": "60148",
      "theater_name": "AMC DINE-IN Yorktown 18",
      "chainName": "AMC",
      "chainCode": "AMC",
      "showtime_id": 516667915,
      "date": "2025-09-25+21:55",
      "format": "Standard",
      "language": "Telugu",
      "error": {
        "status": 500
      }
    },
    {
      "state": "OR",
      "city": "Hillsboro",
      "zip": "97123",
      "theater_name": "Regal Movies On TV",
      "chainName": "Regal",
      "chainCode": "REGL",
      "showtime_id": 516675577,
      "date": "2025-09-25+16:05",
      "format": "Standard",
      "language": "Hindi",
      "error": {
        "status": 403
      }
    },
    {
      "state": "MA",
      "city": "Boston",
      "zip": "02114",
      "theater_name": "AMC Causeway 13",
      "chainName": "AMC",
      "chainCode": "AMC",
      "showtime_id": 516746108,
      "date": "2025-09-25+18:45",
      "format": "Standard",
      "language": "Telugu",
      "error": {
        "status": 403
      }
    },
    {
      "state": "MA",
      "city": "Boston",
      "zip": "02114",
      "theater_name": "AMC Causeway 13",
      "chainName": "AMC",
      "chainCode": "AMC",
      "showtime_id": 516746107,
      "date": "2025-09-25+21:45",
      "format": "Standard",
      "language": "Telugu",
      "error": {
        "status": 403
      }
    },
    {
      "state": "MI",
      "city": "Portage",
      "zip": "49024",
      "theater_name": "Celebration Cinema Crossroads",
      "chainName": "Celebration Cinema ",
      "chainCode": "CELE",
      "showtime_id": 516699542,
      "date": "2025-09-25+19:45",
      "format": "Standard",
      "language": "Telugu",
      "error": {
        "status": 403
      }
    },
    {
      "state": "MI",
      "city": "Mt. Pleasant",
      "zip": "48858",
      "theater_name": "Celebration Cinema Mt Pleasant",
      "chainName": "Celebration Cinema ",
      "chainCode": "CELE",
      "showtime_id": 516744816,
      "date": "2025-09-25+20:00",
      "format": "Standard",
      "language": "Telugu",
      "error": {
        "status": 403
      }
    },
    {
      "state": "MI",
      "city": "Grand Rapids",
      "zip": "49525",
      "theater_name": "Celebration Cinema Grand Rapids North",
      "chainName": "Celebration Cinema ",
      "chainCode": "CELE",
      "showtime_id": 516699582,
      "date": "2025-09-25+19:50",
      "format": "Standard",
      "language": "Telugu",
      "error": {
        "status": 403
      }
    },
    {
      "state": "FL",
      "city": "Oviedo",
      "zip": "32765",
      "theater_name": "Regal Oviedo Mall",
      "chainName": "Regal",
      "chainCode": "REGL",
      "showtime_id": 516752876,
      "date": "2025-09-25+14:05",
      "format": "Standard",
      "language": "Hindi",
      "error": {
        "status": 403
      }
    },
    {
      "state": "MI",
      "city": "Lansing",
      "zip": "48911",
      "theater_name": "Celebration Cinema Lansing",
      "chainName": "Celebration Cinema ",
      "chainCode": "CELE",
      "showtime_id": 516769625,
      "date": "2025-09-25+19:15",
      "format": "Standard",
      "language": "Telugu",
      "error": {
        "status": 403
      }
    },
    {
      "state": "CA",
      "city": "Orange",
      "zip": "92868",
      "theater_name": "AMC Orange 30 (AMC Block 30)",
      "chainName": "AMC",
      "chainCode": "AMC",
      "showtime_id": 516765268,
      "date": "2025-09-25+22:35",
      "format": "Standard",
      "language": "Telugu",
      "error": {
        "status": 403
      }
    },
    {
      "state": "WA",
      "city": "Redmond",
      "zip": "98052",
      "theater_name": "Regal Bella Bottega",
      "chainName": "Regal",
      "chainCode": "REGL",
      "showtime_id": 516771534,
      "date": "2025-09-25+14:10",
      "format": "Standard",
      "language": "Hindi",
      "error": {
        "status": 403
      }
    },
    {
      "state": "WA",
      "city": "Redmond",
      "zip": "98052",
      "theater_name": "Regal Bella Bottega",
      "chainName": "Regal",
      "chainCode": "REGL",
      "showtime_id": 516771535,
      "date": "2025-09-25+18:50",
      "format": "Standard",
      "language": "Hindi",
      "error": {
        "status": 403
      }
    },
    {
      "state": "WA",
      "city": "Everett",
      "zip": "98208",
      "theater_name": "Regal Everett Stadium 16 & RPX",
      "chainName": "Regal",
      "chainCode": "REGL",
      "showtime_id": 516774159,
      "date": "2025-09-25+21:40",
      "format": "Standard",
      "language": "Hindi",
      "error": {
        "status": 403
      }
    }
  ]
}